İsim,Adres,Merkeze Uzaklık,Yorum Sayısı,Puan,Yıldız Sayısı,Fiyat,Ücretsiz İptal,Konaklama Tipi
Sirius Hotel,"Tekirova, Kemer, Antalya -",Bilinmiyor,10,8.4,4,601.910 TL,Bilgi Yok,Kahvaltı Dahil
BAYOU Villas,"Güzeloba-Muratpaşa, Muratpaşa, Antalya -",Merkeze 0.9 km,Bilinmiyor,Bilinmiyor,5,464.893 TL,Bilgi Yok,Tam Pansiyon
Gloria Serenity Resort,"Belek, Serik, Antalya -",Bilinmiyor,15,9.5,5,452.574 TL,Bilgi Yok,Her Şey Dahil
Azure Villas By Cornelia,"Belek, Serik, Antalya -",Bilinmiyor,8,9.4,5,441.000 TL,Bilgi Yok,Ultra Her Şey Dahil
Upperhouse Hotel,"Kaş, Antalya -",Bilinmiyor,42,7.3,4,396.000 TL,Bilgi Yok,Kahvaltı Dahil
Cullinan Belek,"Kadriye, Serik, Antalya -",Bilinmiyor,419,9.6,5,353.622 TL,Bilgi Yok,Her Şey Dahil
Gloria Golf Resort,"Belek, Serik, Antalya -",Bilinmiyor,29,9.2,5,332.687 TL,Bilgi Yok,Her Şey Dahil
Nirvana Dolce Vita,"Tekirova, Kemer, Antalya -",Bilinmiyor,247,9.1,5,301.970 TL,Bilgi Yok,Her Şey Dahil
Calista Luxury Resort,"Belek, Serik, Antalya -",Bilinmiyor,368,9.3,5,288.899 TL,Bilgi Yok,Her Şey Dahil
Delphin Imperial Hotel,"kundu, Antalya -",Merkeze 0.7 km,430,9.1,5,277.448 TL,Bilgi Yok,Her Şey Dahil
NG Phaselis Bay,"Göynük, Kemer, Antalya -",Bilinmiyor,48,9.9,5,274.387 TL,Bilgi Yok,Her Şey Dahil
IC Hotels Green Palace & Villas,"Aksu, Antalya -",Merkeze 3.5 km,9,9.2,5,252.218 TL,Bilgi Yok,Her Şey Dahil
Delphin Palace,"Kemerağzı, Aksu, Antalya -",Merkeze 1 km,19,9.2,5,251.353 TL,Bilgi Yok,Her Şey Dahil
Smyrna Aparts,"Andifli, Kaş, Antalya -",Bilinmiyor,14,9.8,3,238.212 TL,Bilgi Yok,Kahvaltı Dahil
Kaya Palazzo Golf Resort Belek,"Belek, Serik, Antalya -",Bilinmiyor,428,9.4,5,236.676 TL,Bilgi Yok,Her Şey Dahil
Sherwood Exclusive Kemer,"Göynük, Kemer, Antalya -",Bilinmiyor,45,8.2,5,234.272 TL,Bilgi Yok,Her Şey Dahil
Concorde De Luxe Resort,"kundu, Antalya -",Merkeze 1.3 km,111,9.7,5,229.533 TL,Bilgi Yok,Ultra Her Şey Dahil
Nar,"Kemer, Antalya -",Bilinmiyor,14,8.6,3,229.351 TL,Bilgi Yok,Kahvaltı Dahil
Delphin Diva,"Kemerağzı, Aksu, Antalya -",Merkeze 0.7 km,7,9.4,5,226.240 TL,Bilgi Yok,Her Şey Dahil
Selectum Luxury Resort Belek,"Kadriye, Serik, Antalya -",Bilinmiyor,225,9.4,5,209.038 TL,Bilgi Yok,Her Şey Dahil
Liberty Lara,"kundu, Antalya -",Merkeze 2.2 km,32,9.6,5,206.418 TL,Bilgi Yok,Her Şey Dahil
Sentido Kamelya Selin Hotel,"Manavgat, Antalya -",Bilinmiyor,98,9.2,5,205.072 TL,Bilgi Yok,Her Şey Dahil
Balmy Beach Resort Kemer,"Beldibi, Kemer, Antalya -",Bilinmiyor,8,8.0,4,200.994 TL,Bilgi Yok,Her Şey Dahil
Regnum Carya,"Kadriye, Serik, Antalya -",Bilinmiyor,108,8.7,5,199.680 TL,Bilgi Yok,Ultra Her Şey Dahil
Arkk Homes,"Kaleiçi, Muratpaşa, Antalya -",Merkeze 2.4 km,11,9.4,3,195.929 TL,Bilgi Yok,Bilgi Yok
Ethno Belek,"Belek, Serik, Antalya -",Bilinmiyor,17,6.9,5,195.563 TL,Bilgi Yok,Her Şey Dahil
Kuytu Kaş Houses,"Kaş, Antalya -",Bilinmiyor,Bilinmiyor,Bilinmiyor,4,189.043 TL,Bilgi Yok,Bilgi Yok
Greenwood Suites Resort,"kundu, Antalya -",Merkeze 2.1 km,37,8.4,5,188.379 TL,Bilgi Yok,Her Şey Dahil
Club Big Blue Suite Hotel,"Cumhuriyet, Alanya, Antalya -",Bilinmiyor,9,9.2,4,188.226 TL,Bilgi Yok,Her Şey Dahil
Titanic Mardan Palace,"Lara-Kundu, Muratpaşa, Antalya -",Merkeze 4.9 km,429,9.7,5,187.942 TL,Bilgi Yok,Her Şey Dahil
Denizhan Hotel,"Muratpaşa, Antalya -",Merkeze 2.7 km,51,3.8,0,8.031 TL,Bilgi Yok,Kahvaltı Dahil
Club Herakles,"Kemer, Antalya -",Bilinmiyor,15,4.2,3,20.283 TL,Bilgi Yok,Her Şey Dahil
Ares Hotel,"Kemer, Antalya -",Bilinmiyor,14,4.5,3,21.000 TL,Bilgi Yok,Her Şey Dahil
Ersoy Efe Pansiyon,"Muratpaşa, Antalya -",Merkeze 2.8 km,63,4.6,0,5.638 TL,Bilgi Yok,Bilgi Yok
Hotel Lunay,"Arapsuyu, Konyaaltı, Antalya -",Merkeze 4.3 km,23,4.9,3,14.293 TL,Bilgi Yok,Kahvaltı Dahil
Özgür Hotel,"Muratpaşa, Antalya -",Merkeze 2.6 km,73,5.0,3,8.816 TL,Bilgi Yok,Bilgi Yok
Kleopatra Carina Hotel,"Saray, Alanya, Antalya -",Bilinmiyor,74,5.2,0,12.163 TL,Bilgi Yok,Bilgi Yok
Hotel Kayalar,"Muratpaşa, Antalya -",Merkeze 2.7 km,66,5.2,3,11.880 TL,Bilgi Yok,Kahvaltı Dahil
Kleopatra Smile Hotel,"Saray, Alanya, Antalya -",Bilinmiyor,19,5.5,3,18.075 TL,Bilgi Yok,Kahvaltı Dahil
Çınar Family Suite Hotel,"Side, Manavgat, Antalya -",Bilinmiyor,50,5.9,3,19.147 TL,Bilgi Yok,Her Şey Dahil
Cunda Esen,"Ayvalık, Balıkesir -",Bilinmiyor,60,9.5,3,210.000 TL,Bilgi Yok,Kahvaltı Dahil
Nefes Hotel,"Cunda Adası, Ayvalık, Balıkesir -",Bilinmiyor,17,9.6,0,210.000 TL,Bilgi Yok,Kahvaltı Dahil
Cunda Despot Evi,"Cunda Adası, Ayvalık, Balıkesir -",Bilinmiyor,87,8.7,0,133.650 TL,Bilgi Yok,Kahvaltı Dahil
Cundavilla,"Cunda Adası, Ayvalık, Balıkesir -",Bilinmiyor,51,9.4,3,120.000 TL,Bilgi Yok,Bilgi Yok
Aqua Nina Hotel,"Ören, Burhaniye, Balıkesir -",Bilinmiyor,44,6.8,3,95.028 TL,Bilgi Yok,Yarım Pansiyon
Cunda Oteli,"Cunda Adası, Ayvalık, Balıkesir -",Bilinmiyor,34,8.4,3,83.250 TL,Bilgi Yok,Kahvaltı Dahil
Grand Hotel Temizel,"Ayvalık, Balıkesir -",Bilinmiyor,151,7.9,5,67.203 TL,Bilgi Yok,Her Şey Dahil
Hotel Erol,"Cunda Adası, Ayvalık, Balıkesir -",Bilinmiyor,52,9.2,4,65.145 TL,Bilgi Yok,Yarım Pansiyon
Cunda Panorama Hotel,"Cunda Adası, Ayvalık, Balıkesir -",Bilinmiyor,26,8.7,0,64.446 TL,Bilgi Yok,Kahvaltı Dahil
Çamlık Apart,"Ayvalık, Balıkesir -",Bilinmiyor,2,9.5,0,60.000 TL,Bilgi Yok,Bilgi Yok
The Mira House,"Ayvalık, Balıkesir -",Bilinmiyor,6,9.3,0,60.000 TL,Ücretsiz İptal,Kahvaltı Dahil
D Resort Ayvalık,"Ayvalık, Balıkesir -",Bilinmiyor,50,8.8,5,58.408 TL,Bilgi Yok,Kahvaltı Dahil
Yasmin Hotel,"Ayvalık, Balıkesir -",Bilinmiyor,15,7.4,0,55.567 TL,Bilgi Yok,Kahvaltı Dahil
Haliç Park Ayvalık,"Cunda Adası, Ayvalık, Balıkesir -",Bilinmiyor,202,8.0,5,54.312 TL,Bilgi Yok,Her Şey Dahil
Willmont Hotel,"Karesi, Balıkesir -",Merkeze 3.3 km,84,8.4,4,54.000 TL,Bilgi Yok,Kahvaltı Dahil
Myrodia by Etapaltinel,"Cunda Adası, Ayvalık, Balıkesir -",Bilinmiyor,35,8.7,0,53.996 TL,Bilgi Yok,Kahvaltı Dahil
Ivy Sailing Resort,"Ayvalık, Balıkesir -",Bilinmiyor,82,5.1,0,53.760 TL,Bilgi Yok,Alkolsüz Her Şey Dahil
Cunda Villa Anka,"Cunda Adası, Ayvalık, Balıkesir -",Bilinmiyor,16,9.5,0,52.775 TL,Bilgi Yok,Kahvaltı Dahil
Pınar Otel,"Erdek, Balıkesir -",Bilinmiyor,68,9.7,0,51.894 TL,Bilgi Yok,Kahvaltı Dahil
Mola Hotel,"Marmara Adası, Balıkesir -",Bilinmiyor,45,9.5,0,51.601 TL,Bilgi Yok,Kahvaltı Dahil
Oren Konak Apart Otel,"Ören, Burhaniye, Balıkesir -",Bilinmiyor,5,10.0,0,49.659 TL,Bilgi Yok,Bilgi Yok
Fragrante Hotel - Adult Only,"Mithatpaşa, Ayvalık, Balıkesir -",Bilinmiyor,51,9.9,3,49.083 TL,Bilgi Yok,Bilgi Yok
Tabiat Park Resort Hotel Ayvalik,"Ayvalık, Balıkesir -",Bilinmiyor,94,5.9,4,48.222 TL,Bilgi Yok,Yarım Pansiyon
Mulka Hotel,"Küçükköy, Ayvalık, Balıkesir -",Bilinmiyor,42,7.4,3,48.099 TL,Bilgi Yok,Kahvaltı Dahil
Ömer Ağa Konağı,"Cunda Adası, Ayvalık, Balıkesir -",Bilinmiyor,58,9.3,0,48.000 TL,Bilgi Yok,Kahvaltı Dahil
Şekercigiller Grup Konuk Evi,"Ayvalık, Balıkesir -",Bilinmiyor,22,9.3,0,47.584 TL,Bilgi Yok,Bilgi Yok
Verde Blu Bungalow,"Altınoluk, Edremit, Balıkesir -",Bilinmiyor,11,7.6,0,47.040 TL,Bilgi Yok,Kahvaltı Dahil
Grand Milano Hotel,"Ayvalık, Balıkesir -",Bilinmiyor,31,8.3,3,46.440 TL,Bilgi Yok,Kahvaltı Dahil
Kazdağları Zeytunihan Butik Otel,"Kazdağları, Edremit, Balıkesir -",Bilinmiyor,3,9.5,0,45.900 TL,Bilgi Yok,Kahvaltı Dahil
Zeytin Arası Taş Evler,"Küçükköy, Ayvalık, Balıkesir -",Bilinmiyor,21,8.6,0,45.360 TL,Bilgi Yok,Kahvaltı Dahil
Gönen Palmiye Butik Pansiyon,"Gönen, Balıkesir -",Bilinmiyor,1,2.0,0,12.189 TL,Bilgi Yok,Kahvaltı Dahil
Afytos Park Ören,"Burhaniye, Balıkesir -",Bilinmiyor,12,4.2,0,29.160 TL,Bilgi Yok,Her Şey Dahil
Ivy Sailing Resort,"Ayvalık, Balıkesir -",Bilinmiyor,82,5.1,0,53.760 TL,Bilgi Yok,Alkolsüz Her Şey Dahil
Afytos Akçay,"Edremit, Balıkesir -",Bilinmiyor,77,5.4,4,44.994 TL,Bilgi Yok,Her Şey Dahil
Tabiat Park Resort Hotel Ayvalik,"Ayvalık, Balıkesir -",Bilinmiyor,94,5.9,4,48.222 TL,Bilgi Yok,Yarım Pansiyon
Paradise Hotel Akçay,"Edremit, Balıkesir -",Bilinmiyor,8,6.4,0,21.000 TL,Bilgi Yok,Kahvaltı Dahil
Aqua Nina Hotel,"Ören, Burhaniye, Balıkesir -",Bilinmiyor,44,6.8,3,95.028 TL,Bilgi Yok,Yarım Pansiyon
Uytun Hotel,"Edremit, Balıkesir -",Bilinmiyor,60,6.9,3,18.048 TL,Bilgi Yok,Kahvaltı Dahil
Bahar Aqua Resort,"Avşa, Marmara, Balıkesir -",Bilinmiyor,109,6.9,0,22.331 TL,Bilgi Yok,Kahvaltı Dahil
Yaman Beach Hotel,"Erdek, Balıkesir -",Bilinmiyor,145,7.0,0,24.785 TL,Bilgi Yok,Kahvaltı Dahil
Mandarin Oriental Bodrum,"Göltürkbükü, Bodrum, Muğla -",Bilinmiyor,326,9.4,5,532.173 TL,Bilgi Yok,Kahvaltı Dahil
Liberty Lykia,"Ölüdeniz, Fethiye, Muğla -",Bilinmiyor,30,8.9,5,408.752 TL,Bilgi Yok,Her Şey Dahil
D Maris Bay,"Hisarönü, Marmaris, Muğla -",Bilinmiyor,14,9.4,5,366.843 TL,Bilgi Yok,Kahvaltı Dahil
"Caresse, a Luxury Collection Resort & Spa, Bodrum","Bitez, Bodrum, Muğla -",Merkeze 3.9 km,16,9.4,5,346.853 TL,Bilgi Yok,Kahvaltı Dahil
Lujo Hotel Bodrum,"Bodrum, Muğla -",Bilinmiyor,29,9.1,5,344.400 TL,Bilgi Yok,Kahvaltı Dahil
Vogue Hotel Supreme Bodrum,"Torba, Bodrum, Muğla -",Merkeze 6.5 km,81,8.2,5,338.424 TL,Bilgi Yok,Ultra Her Şey Dahil
Titanic Luxury Collection Bodrum,"Bodrum, Muğla -",Bilinmiyor,55,9.2,5,278.190 TL,Bilgi Yok,Her Şey Dahil
Cragus Inn Fethiye,"Fethiye, Muğla -",Bilinmiyor,23,8.2,0,252.923 TL,Bilgi Yok,Bilgi Yok
Yalıkavak Marina Beach Hotel,"Yalıkavak, Bodrum, Muğla -",Bilinmiyor,36,8.6,5,243.285 TL,Bilgi Yok,Kahvaltı Dahil
Allium Bodrum Resort & Spa,"Bodrum, Muğla -",Bilinmiyor,19,9.4,3,241.497 TL,Bilgi Yok,Kahvaltı Dahil
Mett Hotel & Beach Resort Bodrum,"Bodrum, Muğla -",Merkeze 2 km,29,9.8,5,235.115 TL,Bilgi Yok,Kahvaltı Dahil
G Beyond Apartments & Villas,"Bodrum, Muğla -",Bilinmiyor,32,9.8,5,227.595 TL,Bilgi Yok,Kahvaltı Dahil
Baia Bodrum,"Gündoğan, Bodrum, Muğla -",Bilinmiyor,31,8.6,5,208.413 TL,Bilgi Yok,Her Şey Dahil
Xanadu Island,"Akyarlar, Bodrum, Muğla -",Bilinmiyor,31,8.5,5,192.000 TL,Bilgi Yok,Ultra Her Şey Dahil
Liberty Lykia - Adults Only,"Ölüdeniz, Fethiye, Muğla -",Bilinmiyor,30,8.9,5,181.703 TL,Bilgi Yok,Her Şey Dahil
Aydeniz Otel,"Mesudiye, Datça, Muğla -",Bilinmiyor,6,6.9,0,180.000 TL,Bilgi Yok,Kahvaltı Dahil
Seaview Faralya Butik Hotel,"Faralya, Fethiye, Muğla -",Bilinmiyor,209,9.7,0,177.811 TL,Bilgi Yok,Kahvaltı Dahil
Arts Hotel Bodrum Yalıkavak,"Yalıkavak, Bodrum, Muğla -",Bilinmiyor,13,6.3,5,171.032 TL,Bilgi Yok,Kahvaltı Dahil
Selectum Colours Bodrum,"Gümbet, Bodrum, Muğla -",Merkeze 3.4 km,69,8.9,5,163.873 TL,Bilgi Yok,Her Şey Dahil
Highlight Hotel,"Yalıkavak, Bodrum, Muğla -",Bilinmiyor,32,8.2,4,163.274 TL,Bilgi Yok,Kahvaltı Dahil
Tropical Beach Hotel,"Siteler, Marmaris, Muğla -",Merkeze 3.6 km,20,8.7,4,161.765 TL,Bilgi Yok,Her Şey Dahil
Hilton Dalaman Sarigerme Resort & Spa,"Sarıgerme, Ortaca, Muğla -",Bilinmiyor,44,8.4,5,159.600 TL,Bilgi Yok,Ultra Her Şey Dahil
Kaya Palazzo Resort & Residences Le Chic Bodrum,"Gümbet, Bodrum, Muğla -",Merkeze 3.4 km,23,9.2,5,156.908 TL,Bilgi Yok,Kahvaltı Dahil
Mirada Exclusive Bodrum,"Gümbet, Bodrum, Muğla -",Merkeze 3.6 km,24,8.9,5,156.000 TL,Bilgi Yok,Ultra Her Şey Dahil
TUI BLUE Grand Azur,"Marmaris, Muğla -",Merkeze 2.7 km,22,8.9,5,150.412 TL,Bilgi Yok,Her Şey Dahil
Cape Bodrum Beach Luxury Resort,"Gündoğan, Bodrum, Muğla -",Bilinmiyor,22,8.2,4,149.961 TL,Bilgi Yok,Kahvaltı Dahil
TUI BLUE Seno,"Sarıgerme, Ortaca, Muğla -",Bilinmiyor,20,8.9,5,147.170 TL,Bilgi Yok,Her Şey Dahil
Le Meridien Bodrum Beach Resort,"Bodrum, Muğla -",Bilinmiyor,19,8.8,5,144.540 TL,Bilgi Yok,Kahvaltı Dahil
Fabay Liberty,"Çiftlik, Fethiye, Muğla -",Merkeze 6.4 km,308,9.4,5,141.960 TL,Bilgi Yok,Ultra Her Şey Dahil
Prive Hotel Bodrum,"Eskiçeşme, Bodrum, Muğla -",Merkeze 1.6 km,19,9.5,5,140.563 TL,Bilgi Yok,Her Şey Dahil
Hotel Caktug,"Dalaman Merkez, Dalaman, Muğla -",Merkeze 4.7 km,15,2.5,3,11.491 TL,Bilgi Yok,Bilgi Yok
Hotel Nil,"Akyaka, Ula, Muğla -",Bilinmiyor,8,4.4,0,20.375 TL,Bilgi Yok,Kahvaltı Dahil
Ideal Pension,"Karagözler, Fethiye, Muğla -",Merkeze 3.1 km,27,5.0,5,16.879 TL,Bilgi Yok,Kahvaltı Dahil
Grand Faros Hotel,"Armutalan, Marmaris, Muğla -",Merkeze 0.1 km,18,5.2,4,25.921 TL,Bilgi Yok,Kahvaltı Dahil
Golden Star Hotel,"Marmaris, Muğla -",Merkeze 1.6 km,129,5.3,3,18.420 TL,Bilgi Yok,Kahvaltı Dahil
Gloria Tibi Gümbet,"Bitez, Bodrum, Muğla -",Merkeze 3.3 km,77,5.5,3,12.000 TL,Bilgi Yok,Bilgi Yok
Mavruka Hotel,"Ölüdeniz, Fethiye, Muğla -",Bilinmiyor,10,5.5,4,32.408 TL,Ücretsiz İptal,Kahvaltı Dahil
Afytos Bodrum,"Bodrum, Muğla -",Merkeze 3.2 km,19,5.8,4,29.160 TL,Bilgi Yok,Her Şey Dahil
Pineta Club Hotel,"Siteler, Marmaris, Muğla -",Merkeze 2.9 km,230,6.0,4,23.520 TL,Bilgi Yok,Her Şey Dahil
Aloha Suites Mediterranean Houses,"Siteler, Marmaris, Muğla -",Merkeze 2 km,1,6.0,3,25.816 TL,Bilgi Yok,Bilgi Yok
Ayyıldızlar Otel,"Kadıköy, İstanbul -",Merkeze 4.4 km,117,5.3,3,6.772 TL,Bilgi Yok,Bilgi Yok
Monarch Hotel İstanbul,"Fatih, İstanbul -",Merkeze 1 km,39,5.7,3,10.071 TL,Bilgi Yok,Bilgi Yok
Best Pasaport Pier Otel Kadıköy,"Moda, Kadıköy, İstanbul -",Merkeze 5 km,196,6.3,4,8.030 TL,Bilgi Yok,Bilgi Yok
Green Garden İstanbul Hotel,"Bahçelievler, İstanbul -",Bilinmiyor,54,6.4,3,10.169 TL,Bilgi Yok,Bilgi Yok
Elit Suites,"Kurtköy, Pendik (İstanbul), İstanbul -",Bilinmiyor,211,6.4,5,10.200 TL,Bilgi Yok,Bilgi Yok
The Hera Premium Hotels,"Maltepe, İstanbul -",Bilinmiyor,160,6.5,4,9.600 TL,Bilgi Yok,Bilgi Yok
Valeria Deluxe Sultanahmet Hotel,"Beyazıt, Fatih, İstanbul -",Merkeze 0.9 km,28,6.6,3,10.238 TL,Bilgi Yok,Bilgi Yok
Magnificent Hotel,"Sultanahmet, Fatih, İstanbul -",Merkeze 1.3 km,35,6.8,3,10.248 TL,Bilgi Yok,Bilgi Yok
My Home Sultanahmet,"Sultanahmet, Fatih, İstanbul -",Merkeze 1 km,32,7.0,3,9.193 TL,Bilgi Yok,Kahvaltı Dahil
Milano Hotel & Spa Sultanahmet,"Kumkapı, Fatih, İstanbul -",Merkeze 1.1 km,61,7.1,3,9.459 TL,Bilgi Yok,Kahvaltı Dahil
Kadıköy Arya Hotel,"Kadıköy, İstanbul -",Merkeze 4.5 km,105,7.2,3,10.246 TL,Bilgi Yok,Kahvaltı Dahil
Air Boss Hotel İstanbul,"Sefaköy, Küçükçekmece, İstanbul -",Bilinmiyor,131,7.4,3,10.651 TL,Bilgi Yok,Kahvaltı Dahil
Dedepark,"Tepebaşı, Eskişehir -",Merkeze 1.8 km,232,7.8,4,42.352 TL,Bilgi Yok,Kahvaltı Dahil
Questa Thermal & Spa Hotel Eskişehir,"Odunpazarı, Eskişehir -",Merkeze 4.6 km,164,9.5,3,27.000 TL,Bilgi Yok,Kahvaltı Dahil
Ramada Plaza by Wyndham Eskişehir,"Tepebaşı, Eskişehir -",Merkeze 0.4 km,320,8.5,4,24.524 TL,Bilgi Yok,Bilgi Yok
The Merlot Hotel Eskişehir,"Tepebaşı, Eskişehir -",Merkeze 2 km,426,8.7,4,22.548 TL,Bilgi Yok,Bilgi Yok
Park Dedeman Eskişehir,"Odunpazarı, Eskişehir -",Merkeze 2.6 km,670,9.1,5,21.870 TL,Bilgi Yok,Bilgi Yok
İbis Eskişehir,"Tepebaşı, Eskişehir -",Merkeze 0.8 km,387,8.5,3,20.899 TL,Bilgi Yok,Bilgi Yok
Sam Royal Hotel,"Tepebaşı, Eskişehir -",Merkeze 1.8 km,120,8.1,3,20.340 TL,Bilgi Yok,Bilgi Yok
Anemon Eskişehir,"Tepebaşı, Eskişehir -",Merkeze 3.7 km,290,7.0,5,20.328 TL,Bilgi Yok,Bilgi Yok
Smart by Dedeman Eskişehir,"Tepebaşı, Eskişehir -",Merkeze 0.6 km,93,9.1,3,20.120 TL,Bilgi Yok,Bilgi Yok
Madeen City Hotel,"Tepebaşı, Eskişehir -",Merkeze 1 km,271,8.7,3,19.956 TL,Bilgi Yok,Bilgi Yok
Arwen Premium Residence,"Tepebaşı, Eskişehir -",Merkeze 1.3 km,123,8.5,4,17.700 TL,Bilgi Yok,Bilgi Yok
Vendome Hotel,"İstiklal, Odunpazarı, Eskişehir -",Merkeze 0.5 km,56,8.3,3,16.501 TL,Bilgi Yok,Bilgi Yok
Eskişehir Yuva Otel,"Arifiye, Odunpazarı, Eskişehir -",Merkeze 0.4 km,133,8.9,0,16.200 TL,Bilgi Yok,Bilgi Yok
SRF Hotel,"Odunpazarı, Eskişehir -",Merkeze 0.6 km,196,8.0,3,15.600 TL,Bilgi Yok,Bilgi Yok
Art Suit,"Odunpazarı, Eskişehir -",Merkeze 0.5 km,45,9.4,0,15.061 TL,Bilgi Yok,Bilgi Yok
Sör Otel,"Tepebaşı, Eskişehir -",Merkeze 1.7 km,98,8.0,3,14.829 TL,Bilgi Yok,Kahvaltı Dahil
Tymbris Hotel Eskişehir,"Tepebaşı, Eskişehir -",Merkeze 0.7 km,336,8.4,3,14.388 TL,Bilgi Yok,Kahvaltı Dahil
The Breeze Hotel,"Odunpazarı, Eskişehir -",Merkeze 0.2 km,148,7.9,3,14.100 TL,Bilgi Yok,Bilgi Yok
Deeps Hostel Eskişehir,"Tepebaşı, Eskişehir -",Merkeze 0.8 km,170,7.8,0,12.650 TL,Bilgi Yok,Bilgi Yok
Grand Vaves Hotel,"Ortahisar, Trabzon -",Merkeze 2.6 km,49,9.3,4,187.099 TL,Ücretsiz İptal,Yarım Pansiyon
Zorlu Grand,"Ortahisar, Trabzon -",Merkeze 0.2 km,30,9.0,5,38.202 TL,Bilgi Yok,Bilgi Yok
Melissa Suite Otel,"2 Nolu Bostancı, Ortahisar, Trabzon -",Merkeze 2.9 km,21,10.0,0,31.135 TL,Bilgi Yok,Bilgi Yok
Air Suite Hotel,"Ortahisar, Trabzon -",Merkeze 4.8 km,33,8.4,0,12.150 TL,Bilgi Yok,Bilgi Yok
Cephanelik Boutique Hotel,"Ortahisar, Trabzon -",Merkeze 1.4 km,25,7.9,3,29.686 TL,Ücretsiz İptal,Kahvaltı Dahil
Liva Teras,"Uzungöl, Çaykara, Trabzon -",Bilinmiyor,13,9.3,0,29.798 TL,Bilgi Yok,Bilgi Yok
Nova Uzungöl,"Uzungöl, Çaykara, Trabzon -",Bilinmiyor,84,8.0,4,27.863 TL,Ücretsiz İptal,Bilgi Yok
Ozkan Hotel,"Çaykara, Trabzon -",Bilinmiyor,22,8.4,0,26.387 TL,Bilgi Yok,Kahvaltı Dahil
My Home Uzungöl,"Uzungöl, Çaykara, Trabzon -",Bilinmiyor,18,7.5,4,48.704 TL,Ücretsiz İptal,Bilgi Yok
Sera Nature Hotel & Spa,"Akçaabat, Trabzon -",Bilinmiyor,63,9.0,4,30.653 TL,Ücretsiz İptal,Kahvaltı Dahil
Alya Teras Otel,"Maçka, Trabzon -",Bilinmiyor,37,9.8,0,20.647 TL,Ücretsiz İptal,Kahvaltı Dahil
Cebeci Grand Hotel,"Çarşı, Ortahisar, Trabzon -",Merkeze 0.4 km,277,7.4,3,16.560 TL,Bilgi Yok,Kahvaltı Dahil
Hancıoğlu Çamburnu Orman Evleri Bungalow & Hotel,"Sürmene, Trabzon -",Bilinmiyor,323,8.5,4,31.168 TL,Bilgi Yok,Kahvaltı Dahil
Park Dedeman Trabzon,"Yomra, Trabzon -",Bilinmiyor,96,8.8,4,36.767 TL,Ücretsiz İptal,Bilgi Yok
Alesha Suite Hotel,"Yomra, Trabzon -",Bilinmiyor,29,8.7,4,43.200 TL,Bilgi Yok,Kahvaltı Dahil
Özkan Otel,"Uzungöl, Çaykara, Trabzon -",Bilinmiyor,3,4.3,0,23.828 TL,Bilgi Yok,Kahvaltı Dahil
Sumela Holiday Hotel,"Maçka, Trabzon -",Bilinmiyor,19,5.5,3,16.271 TL,Bilgi Yok,Kahvaltı Dahil
Blue Sea Boutique Hotel,"Ortahisar, Trabzon -",Merkeze 2.1 km,15,5.5,0,25.571 TL,Bilgi Yok,Bilgi Yok
Saylamlar Hotel,"Ortahisar, Trabzon -",Bilinmiyor,42,5.7,4,27.220 TL,Bilgi Yok,Kahvaltı Dahil
Cerrahpasa Suite Hotel,"Çaykara, Trabzon -",Bilinmiyor,10,5.8,3,32.967 TL,Bilgi Yok,Bilgi Yok
Karabina Eylül Aparts,"Konaklar, Ortahisar, Trabzon -",Merkeze 4.6 km,12,6.2,0,14.582 TL,Bilgi Yok,Bilgi Yok
Royal Life Exclusive,Trabzon Şehir Merkezi -,Bilinmiyor,149,6.4,4,20.923 TL,Bilgi Yok,Kahvaltı Dahil
The Marine Hotel,"Arsin, Trabzon -",Bilinmiyor,3,6.5,3,10.152 TL,Bilgi Yok,Kahvaltı Dahil
Elif Inan Hotel,"Uzungöl, Çaykara, Trabzon -",Bilinmiyor,19,6.6,4,27.487 TL,Bilgi Yok,Bilgi Yok
Nazar Hotel,"İskenderpaşa, Ortahisar, Trabzon -",Merkeze 0.6 km,41,6.6,3,21.766 TL,Bilgi Yok,Kahvaltı Dahil
